{
  "bolusiob": 0.6585270540800001, 
  "iob": 0.83482026752, 
  "activity": 0.0038488888888888882
}